var,,en,fr,german
GREETINGS,,Hi,Salut,Hallo
EXIT,,"Bye, sir!",Au revoir,Tschüss
EMPTYCELL1,,"Bye, sir!",Au revoir,Tschüss
EMPTYCELL2,,"Bye, sir!",Au revoir,Tschüss
EMPTYCELL3,,"Bye, sir!",Au revoir,Tschüss
EMPTYCELL4,,"Bye, sir!",Au revoir,Tschüss
EMPTYCELL5,,"Bye, sir!",Au revoir,Tschüss
EMPTYCELL6,,"Bye, sir!",Au revoir,Tschüss
EMPTYCELL7,,"Bye, sir!",Au revoir,Tschüss
EMPTYCELL8,,"Bye, sir!",Au revoir,Tschüss
EMPTYCELL9,,"Bye, sir!",Au revoir,Tschüss
EMPTYCELL10,,"Bye, sir!",Au revoir,Tschüss
EMPTYCELL11,,"Bye, sir!",Au revoir,Tschüss
EMPTYCELL12,,"Bye, sir!",Au revoir,Tschüss
EMPTYCELL13,,"Bye, sir!",Au revoir,Tschüss
EMPTYCELL14,,"Bye, sir!",Au revoir,Tschüss
EMPTYCELL15,,"Bye, sir!",Au revoir,Tschüss
EMPTYCELL16,,"Bye, sir!",Au revoir,Tschüss
EMPTYCELL17,,"Bye, sir!",Au revoir,Tschüss
EMPTYCELL18,,"Bye, sir!",Au revoir,Tschüss
EMPTYCELL19,,"Bye, sir!",Au revoir,Tschüss
EMPTYCELL20,,"Bye, sir!",Au revoir,Tschüss
EMPTYCELL21,,"Bye, sir!",Au revoir,Tschüss
EMPTYCELL22,,"Bye, sir!",Au revoir,Tschüss
EMPTYCELL23,,"Bye, sir!",Au revoir,Tschüss
EMPTYCELL24,,"Bye, sir!",Au revoir,Tschüss
EMPTYCELL25,,"Bye, sir!",Au revoir,Tschüss
EMPTYCELL26,,"Bye, sir!",Au revoir,Tschüss
EMPTYCELL27,,"Bye, sir!",Au revoir,Tschüss
EMPTYCELL28,,"Bye, sir!",Au revoir,Tschüss
EMPTYCELL29,,"Bye, sir!",Au revoir,Tschüss
EMPTYCELL30,,"Bye, sir!",Au revoir,Tschüss
EMPTYCELL31,,"Bye, sir!",Au revoir,Tschüss
EMPTYCELL32,,"Bye, sir!",Au revoir,Tschüss
EMPTYCELL33,,"Bye, sir!",Au revoir,Tschüss
EMPTYCELL34,,"Bye, sir!",Au revoir,Tschüss
EMPTYCELL35,,"Bye, sir!",Au revoir,Tschüss
EMPTYCELL36,,"Bye, sir!",Au revoir,Tschüss
EMPTYCELL37,,"Bye, sir!",Au revoir,Tschüss
EMPTYCELL38,,"Bye, sir!",Au revoir,Tschüss
EMPTYCELL39,,"Bye, sir!",Au revoir,Tschüss
EMPTYCELL40,,"Bye, sir!",Au revoir,Tschüss
EMPTYCELL41,,"Bye, sir!",Au revoir,Tschüss
EMPTYCELL42,,"Bye, sir!",Au revoir,Tschüss
EMPTYCELL43,,"Bye, sir!",Au revoir,Tschüss
EMPTYCELL44,,"Bye, sir!",Au revoir,Tschüss
EMPTYCELL45,,"Bye, sir!",Au revoir,Tschüss
EMPTYCELL46,,"Bye, sir!",Au revoir,Tschüss
EMPTYCELL47,,"Bye, sir!",Au revoir,Tschüss
EMPTYCELL48,,"Bye, sir!",Au revoir,Tschüss
EMPTYCELL49,,"Bye, sir!",Au revoir,Tschüss
EMPTYCELL50,,"Bye, sir!",Au revoir,Tschüss
EMPTYCELL51,,"Bye, sir!",Au revoir,Tschüss
EMPTYCELL52,,"Bye, sir!",Au revoir,Tschüss
EMPTYCELL53,,"Bye, sir!",Au revoir,Tschüss
EMPTYCELL54,,"Bye, sir!",Au revoir,Tschüss
EMPTYCELL55,,"Bye, sir!",Au revoir,Tschüss
EMPTYCELL56,,"Bye, sir!",Au revoir,Tschüss
EMPTYCELL57,,"Bye, sir!",Au revoir,Tschüss
EMPTYCELL58,,"Bye, sir!",Au revoir,Tschüss
EMPTYCELL59,,"Bye, sir!",Au revoir,Tschüss
EMPTYCELL60,,"Bye, sir!",Au revoir,Tschüss
EMPTYCELL61,,"Bye, sir!",Au revoir,Tschüss
EMPTYCELL62,,"Bye, sir!",Au revoir,Tschüss
EMPTYCELL63,,"Bye, sir!",Au revoir,Tschüss
EMPTYCELL64,,"Bye, sir!",Au revoir,Tschüss
EMPTYCELL65,,"Bye, sir!",Au revoir,Tschüss
EMPTYCELL66,,"Bye, sir!",Au revoir,Tschüss
EMPTYCELL67,,"Bye, sir!",Au revoir,Tschüss
EMPTYCELL68,,"Bye, sir!",Au revoir,Tschüss
EMPTYCELL69,,"Bye, sir!",Au revoir,Tschüss
EMPTYCELL70,,"Bye, sir!",Au revoir,Tschüss
EMPTYCELL71,,"Bye, sir!",Au revoir,Tschüss
EMPTYCELL72,,"Bye, sir!",Au revoir,Tschüss
EMPTYCELL73,,"Bye, sir!",Au revoir,Tschüss
EMPTYCELL74,,"Bye, sir!",Au revoir,Tschüss
EMPTYCELL75,,"Bye, sir!",Au revoir,Tschüss
EMPTYCELL76,,"Bye, sir!",Au revoir,Tschüss
EMPTYCELL77,,"Bye, sir!",Au revoir,Tschüss
EMPTYCELL78,,"Bye, sir!",Au revoir,Tschüss
EMPTYCELL79,,"Bye, sir!",Au revoir,Tschüss
EMPTYCELL80,,"Bye, sir!",Au revoir,Tschüss
EMPTYCELL81,,"Bye, sir!",Au revoir,Tschüss
EMPTYCELL82,,"Bye, sir!",Au revoir,Tschüss
EMPTYCELL83,,"Bye, sir!",Au revoir,Tschüss
EMPTYCELL84,,"Bye, sir!",Au revoir,Tschüss
EMPTYCELL85,,"Bye, sir!",Au revoir,Tschüss
EMPTYCELL86,,"Bye, sir!",Au revoir,Tschüss
EMPTYCELL87,,"Bye, sir!",Au revoir,Tschüss
EMPTYCELL88,,"Bye, sir!",Au revoir,Tschüss
EMPTYCELL89,,"Bye, sir!",Au revoir,Tschüss
EMPTYCELL90,,"Bye, sir!",Au revoir,Tschüss
EMPTYCELL91,,"Bye, sir!",Au revoir,Tschüss
EMPTYCELL92,,"Bye, sir!",Au revoir,Tschüss
EMPTYCELL93,,"Bye, sir!",Au revoir,Tschüss
EMPTYCELL94,,"Bye, sir!",Au revoir,Tschüss
EMPTYCELL95,,"Bye, sir!",Au revoir,Tschüss
EMPTYCELL96,,"Bye, sir!",Au revoir,Tschüss
EMPTYCELL97,,"Bye, sir!",Au revoir,Tschüss
EMPTYCELL98,,"Bye, sir!",Au revoir,Tschüss
EMPTYCELL99,,"Bye, sir!",Au revoir,Tschüss
EMPTYCELL100,,"Bye, sir!",Au revoir,Tschüss
EMPTYCELL101,,"Bye, sir!",Au revoir,Tschüss
EMPTYCELL102,,"Bye, sir!",Au revoir,Tschüss
EMPTYCELL103,,"Bye, sir!",Au revoir,Tschüss
EMPTYCELL104,,"Bye, sir!",Au revoir,Tschüss
EMPTYCELL105,,"Bye, sir!",Au revoir,Tschüss
EMPTYCELL106,,"Bye, sir!",Au revoir,Tschüss
EMPTYCELL107,,"Bye, sir!",Au revoir,Tschüss
EMPTYCELL108,,"Bye, sir!",Au revoir,Tschüss
EMPTYCELL109,,"Bye, sir!",Au revoir,Tschüss
EMPTYCELL110,,"Bye, sir!",Au revoir,Tschüss
EMPTYCELL111,,"Bye, sir!",Au revoir,Tschüss
EMPTYCELL112,,"Bye, sir!",Au revoir,Tschüss
EMPTYCELL113,,"Bye, sir!",Au revoir,Tschüss
EMPTYCELL114,,"Bye, sir!",Au revoir,Tschüss
EMPTYCELL115,,"Bye, sir!",Au revoir,Tschüss
EMPTYCELL116,,"Bye, sir!",Au revoir,Tschüss
EMPTYCELL117,,"Bye, sir!",Au revoir,Tschüss
EMPTYCELL118,,"Bye, sir!",Au revoir,Tschüss
EMPTYCELL119,,"Bye, sir!",Au revoir,Tschüss
EMPTYCELL120,,"Bye, sir!",Au revoir,Tschüss
EMPTYCELL121,,"Bye, sir!",Au revoir,Tschüss
EMPTYCELL122,,"Bye, sir!",Au revoir,Tschüss
EMPTYCELL123,,"Bye, sir!",Au revoir,Tschüss
EMPTYCELL124,,"Bye, sir!",Au revoir,Tschüss
EMPTYCELL125,,"Bye, sir!",Au revoir,Tschüss
EMPTYCELL126,,"Bye, sir!",Au revoir,Tschüss
EMPTYCELL127,,"Bye, sir!",Au revoir,Tschüss
EMPTYCELL128,,"Bye, sir!",Au revoir,Tschüss
EMPTYCELL129,,"Bye, sir!",Au revoir,Tschüss
EMPTYCELL130,,"Bye, sir!",Au revoir,Tschüss
EMPTYCELL131,,"Bye, sir!",Au revoir,Tschüss
EMPTYCELL132,,"Bye, sir!",Au revoir,Tschüss
EMPTYCELL133,,"Bye, sir!",Au revoir,Tschüss
EMPTYCELL134,,"Bye, sir!",Au revoir,Tschüss
EMPTYCELL135,,"Bye, sir!",Au revoir,Tschüss
EMPTYCELL136,,"Bye, sir!",Au revoir,Tschüss
EMPTYCELL137,,"Bye, sir!",Au revoir,Tschüss
EMPTYCELL138,,"Bye, sir!",Au revoir,Tschüss
EMPTYCELL139,,"Bye, sir!",Au revoir,Tschüss
EMPTYCELL140,,"Bye, sir!",Au revoir,Tschüss
EMPTYCELL141,,"Bye, sir!",Au revoir,Tschüss
EMPTYCELL142,,"Bye, sir!",Au revoir,Tschüss
EMPTYCELL143,,"Bye, sir!",Au revoir,Tschüss
EMPTYCELL144,,"Bye, sir!",Au revoir,Tschüss
EMPTYCELL145,,"Bye, sir!",Au revoir,Tschüss
EMPTYCELL146,,"Bye, sir!",Au revoir,Tschüss
EMPTYCELL147,,"Bye, sir!",Au revoir,Tschüss
EMPTYCELL148,,"Bye, sir!",Au revoir,Tschüss
EMPTYCELL149,,"Bye, sir!",Au revoir,Tschüss
EMPTYCELL150,,"Bye, sir!",Au revoir,Tschüss
EMPTYCELL151,,"Bye, sir!",Au revoir,Tschüss
EMPTYCELL152,,"Bye, sir!",Au revoir,Tschüss
EMPTYCELL153,,"Bye, sir!",Au revoir,Tschüss
EMPTYCELL154,,"Bye, sir!",Au revoir,Tschüss
EMPTYCELL155,,"Bye, sir!",Au revoir,Tschüss
EMPTYCELL156,,"Bye, sir!",Au revoir,Tschüss
EMPTYCELL157,,"Bye, sir!",Au revoir,Tschüss
EMPTYCELL158,,"Bye, sir!",Au revoir,Tschüss
EMPTYCELL159,,"Bye, sir!",Au revoir,Tschüss
EMPTYCELL160,,"Bye, sir!",Au revoir,Tschüss
EMPTYCELL161,,"Bye, sir!",Au revoir,Tschüss
EMPTYCELL162,,"Bye, sir!",Au revoir,Tschüss
EMPTYCELL163,,"Bye, sir!",Au revoir,Tschüss
EMPTYCELL164,,"Bye, sir!",Au revoir,Tschüss
EMPTYCELL165,,"Bye, sir!",Au revoir,Tschüss
EMPTYCELL166,,"Bye, sir!",Au revoir,Tschüss
EMPTYCELL167,,"Bye, sir!",Au revoir,Tschüss
EMPTYCELL168,,"Bye, sir!",Au revoir,Tschüss
EMPTYCELL169,,"Bye, sir!",Au revoir,Tschüss
EMPTYCELL170,,"Bye, sir!",Au revoir,Tschüss
EMPTYCELL171,,"Bye, sir!",Au revoir,Tschüss
EMPTYCELL172,,"Bye, sir!",Au revoir,Tschüss
EMPTYCELL173,,"Bye, sir!",Au revoir,Tschüss
EMPTYCELL174,,"Bye, sir!",Au revoir,Tschüss
EMPTYCELL175,,"Bye, sir!",Au revoir,Tschüss
EMPTYCELL176,,"Bye, sir!",Au revoir,Tschüss
EMPTYCELL177,,"Bye, sir!",Au revoir,Tschüss
EMPTYCELL178,,"Bye, sir!",Au revoir,Tschüss
EMPTYCELL179,,"Bye, sir!",Au revoir,Tschüss
EMPTYCELL180,,"Bye, sir!",Au revoir,Tschüss
EMPTYCELL181,,"Bye, sir!",Au revoir,Tschüss
EMPTYCELL182,,"Bye, sir!",Au revoir,Tschüss
EMPTYCELL183,,"Bye, sir!",Au revoir,Tschüss
EMPTYCELL184,,"Bye, sir!",Au revoir,Tschüss
EMPTYCELL185,,"Bye, sir!",Au revoir,Tschüss
EMPTYCELL186,,"Bye, sir!",Au revoir,Tschüss
EMPTYCELL187,,"Bye, sir!",Au revoir,Tschüss
EMPTYCELL188,,"Bye, sir!",Au revoir,Tschüss
EMPTYCELL189,,"Bye, sir!",Au revoir,Tschüss
EMPTYCELL190,,"Bye, sir!",Au revoir,Tschüss
EMPTYCELL191,,"Bye, sir!",Au revoir,Tschüss
EMPTYCELL192,,"Bye, sir!",Au revoir,Tschüss
EMPTYCELL193,,"Bye, sir!",Au revoir,Tschüss
EMPTYCELL194,,"Bye, sir!",Au revoir,Tschüss
EMPTYCELL195,,"Bye, sir!",Au revoir,Tschüss
EMPTYCELL196,,"Bye, sir!",Au revoir,Tschüss
EMPTYCELL197,,"Bye, sir!",Au revoir,Tschüss
EMPTYCELL198,,"Bye, sir!",Au revoir,Tschüss
EMPTYCELL199,,"Bye, sir!",Au revoir,Tschüss
EMPTYCELL200,,"Bye, sir!",Au revoir,Tschüss
EMPTYCELL201,,"Bye, sir!",Au revoir,Tschüss
EMPTYCELL202,,"Bye, sir!",Au revoir,Tschüss
EMPTYCELL203,,"Bye, sir!",Au revoir,Tschüss
EMPTYCELL204,,"Bye, sir!",Au revoir,Tschüss
EMPTYCELL205,,"Bye, sir!",Au revoir,Tschüss
EMPTYCELL206,,"Bye, sir!",Au revoir,Tschüss
EMPTYCELL207,,"Bye, sir!",Au revoir,Tschüss
EMPTYCELL208,,"Bye, sir!",Au revoir,Tschüss
EMPTYCELL209,,"Bye, sir!",Au revoir,Tschüss
EMPTYCELL210,,"Bye, sir!",Au revoir,Tschüss
EMPTYCELL211,,"Bye, sir!",Au revoir,Tschüss
EMPTYCELL212,,"Bye, sir!",Au revoir,Tschüss
EMPTYCELL213,,"Bye, sir!",Au revoir,Tschüss
EMPTYCELL214,,"Bye, sir!",Au revoir,Tschüss
EMPTYCELL215,,"Bye, sir!",Au revoir,Tschüss
EMPTYCELL216,,"Bye, sir!",Au revoir,Tschüss
EMPTYCELL217,,"Bye, sir!",Au revoir,Tschüss
EMPTYCELL218,,"Bye, sir!",Au revoir,Tschüss
EMPTYCELL219,,"Bye, sir!",Au revoir,Tschüss
EMPTYCELL220,,"Bye, sir!",Au revoir,Tschüss
EMPTYCELL221,,"Bye, sir!",Au revoir,Tschüss
EMPTYCELL222,,"Bye, sir!",Au revoir,Tschüss
EMPTYCELL223,,"Bye, sir!",Au revoir,Tschüss
EMPTYCELL224,,"Bye, sir!",Au revoir,Tschüss
EMPTYCELL225,,"Bye, sir!",Au revoir,Tschüss
EMPTYCELL226,,"Bye, sir!",Au revoir,Tschüss
EMPTYCELL227,,"Bye, sir!",Au revoir,Tschüss
EMPTYCELL228,,"Bye, sir!",Au revoir,Tschüss
EMPTYCELL229,,"Bye, sir!",Au revoir,Tschüss
EMPTYCELL230,,"Bye, sir!",Au revoir,Tschüss
EMPTYCELL231,,"Bye, sir!",Au revoir,Tschüss
EMPTYCELL232,,"Bye, sir!",Au revoir,Tschüss
EMPTYCELL233,,"Bye, sir!",Au revoir,Tschüss
EMPTYCELL234,,"Bye, sir!",Au revoir,Tschüss
EMPTYCELL235,,"Bye, sir!",Au revoir,Tschüss
EMPTYCELL236,,"Bye, sir!",Au revoir,Tschüss
EMPTYCELL237,,"Bye, sir!",Au revoir,Tschüss
EMPTYCELL238,,"Bye, sir!",Au revoir,Tschüss
EMPTYCELL239,,"Bye, sir!",Au revoir,Tschüss
EMPTYCELL240,,"Bye, sir!",Au revoir,Tschüss
EMPTYCELL241,,"Bye, sir!",Au revoir,Tschüss
EMPTYCELL242,,"Bye, sir!",Au revoir,Tschüss
EMPTYCELL243,,"Bye, sir!",Au revoir,Tschüss
EMPTYCELL244,,"Bye, sir!",Au revoir,Tschüss
EMPTYCELL245,,"Bye, sir!",Au revoir,Tschüss
EMPTYCELL246,,"Bye, sir!",Au revoir,Tschüss
EMPTYCELL247,,"Bye, sir!",Au revoir,Tschüss
EMPTYCELL248,,"Bye, sir!",Au revoir,Tschüss
EMPTYCELL249,,"Bye, sir!",Au revoir,Tschüss
EMPTYCELL250,,"Bye, sir!",Au revoir,Tschüss
EMPTYCELL251,,"Bye, sir!",Au revoir,Tschüss
EMPTYCELL252,,"Bye, sir!",Au revoir,Tschüss
EMPTYCELL253,,"Bye, sir!",Au revoir,Tschüss
EMPTYCELL254,,"Bye, sir!",Au revoir,Tschüss
EMPTYCELL255,,"Bye, sir!",Au revoir,Tschüss
EMPTYCELL256,,"Bye, sir!",Au revoir,Tschüss
EMPTYCELL257,,"Bye, sir!",Au revoir,Tschüss
EMPTYCELL258,,"Bye, sir!",Au revoir,Tschüss
EMPTYCELL259,,"Bye, sir!",Au revoir,Tschüss
EMPTYCELL260,,"Bye, sir!",Au revoir,Tschüss
EMPTYCELL261,,"Bye, sir!",Au revoir,Tschüss
EMPTYCELL262,,"Bye, sir!",Au revoir,Tschüss
EMPTYCELL263,,"Bye, sir!",Au revoir,Tschüss
EMPTYCELL264,,"Bye, sir!",Au revoir,Tschüss
EMPTYCELL265,,"Bye, sir!",Au revoir,Tschüss
EMPTYCELL266,,"Bye, sir!",Au revoir,Tschüss
EMPTYCELL267,,"Bye, sir!",Au revoir,Tschüss
EMPTYCELL268,,"Bye, sir!",Au revoir,Tschüss
EMPTYCELL269,,"Bye, sir!",Au revoir,Tschüss
EMPTYCELL270,,"Bye, sir!",Au revoir,Tschüss
EMPTYCELL271,,"Bye, sir!",Au revoir,Tschüss
EMPTYCELL272,,"Bye, sir!",Au revoir,Tschüss
EMPTYCELL273,,"Bye, sir!",Au revoir,Tschüss
EMPTYCELL274,,"Bye, sir!",Au revoir,Tschüss
EMPTYCELL275,,"Bye, sir!",Au revoir,Tschüss
EMPTYCELL276,,"Bye, sir!",Au revoir,Tschüss
EMPTYCELL277,,"Bye, sir!",Au revoir,Tschüss
EMPTYCELL278,,"Bye, sir!",Au revoir,Tschüss
EMPTYCELL279,,"Bye, sir!",Au revoir,Tschüss
EMPTYCELL280,,"Bye, sir!",Au revoir,Tschüss
EMPTYCELL281,,"Bye, sir!",Au revoir,Tschüss
EMPTYCELL282,,"Bye, sir!",Au revoir,Tschüss
EMPTYCELL283,,"Bye, sir!",Au revoir,Tschüss
EMPTYCELL284,,"Bye, sir!",Au revoir,Tschüss
EMPTYCELL285,,"Bye, sir!",Au revoir,Tschüss
EMPTYCELL286,,"Bye, sir!",Au revoir,Tschüss
EMPTYCELL287,,"Bye, sir!",Au revoir,Tschüss
EMPTYCELL288,,"Bye, sir!",Au revoir,Tschüss
EMPTYCELL289,,"Bye, sir!",Au revoir,Tschüss
EMPTYCELL290,,"Bye, sir!",Au revoir,Tschüss
EMPTYCELL291,,"Bye, sir!",Au revoir,Tschüss
EMPTYCELL292,,"Bye, sir!",Au revoir,Tschüss
EMPTYCELL293,,"Bye, sir!",Au revoir,Tschüss
EMPTYCELL294,,"Bye, sir!",Au revoir,Tschüss
EMPTYCELL295,,"Bye, sir!",Au revoir,Tschüss
EMPTYCELL296,,"Bye, sir!",Au revoir,Tschüss
EMPTYCELL297,,"Bye, sir!",Au revoir,Tschüss
EMPTYCELL298,,"Bye, sir!",Au revoir,Tschüss
EMPTYCELL299,,"Bye, sir!",Au revoir,Tschüss
EMPTYCELL300,,"Bye, sir!",Au revoir,Tschüss
EMPTYCELL301,,"Bye, sir!",Au revoir,Tschüss
EMPTYCELL302,,"Bye, sir!",Au revoir,Tschüss
EMPTYCELL303,,"Bye, sir!",Au revoir,Tschüss
EMPTYCELL304,,"Bye, sir!",Au revoir,Tschüss
EMPTYCELL305,,"Bye, sir!",Au revoir,Tschüss
EMPTYCELL306,,"Bye, sir!",Au revoir,Tschüss
EMPTYCELL307,,"Bye, sir!",Au revoir,Tschüss
EMPTYCELL308,,"Bye, sir!",Au revoir,Tschüss
EMPTYCELL309,,"Bye, sir!",Au revoir,Tschüss
EMPTYCELL310,,"Bye, sir!",Au revoir,Tschüss
EMPTYCELL311,,"Bye, sir!",Au revoir,Tschüss
EMPTYCELL312,,"Bye, sir!",Au revoir,Tschüss
EMPTYCELL313,,"Bye, sir!",Au revoir,Tschüss
EMPTYCELL314,,"Bye, sir!",Au revoir,Tschüss
EMPTYCELL315,,"Bye, sir!",Au revoir,Tschüss
EMPTYCELL316,,"Bye, sir!",Au revoir,Tschüss
EMPTYCELL317,,"Bye, sir!",Au revoir,Tschüss
EMPTYCELL318,,"Bye, sir!",Au revoir,Tschüss
EMPTYCELL319,,"Bye, sir!",Au revoir,Tschüss
EMPTYCELL320,,"Bye, sir!",Au revoir,Tschüss
EMPTYCELL321,,"Bye, sir!",Au revoir,Tschüss
EMPTYCELL322,,"Bye, sir!",Au revoir,Tschüss
EMPTYCELL323,,"Bye, sir!",Au revoir,Tschüss
EMPTYCELL324,,"Bye, sir!",Au revoir,Tschüss
EMPTYCELL325,,"Bye, sir!",Au revoir,Tschüss
EMPTYCELL326,,"Bye, sir!",Au revoir,Tschüss
EMPTYCELL327,,"Bye, sir!",Au revoir,Tschüss
EMPTYCELL328,,"Bye, sir!",Au revoir,Tschüss
EMPTYCELL329,,"Bye, sir!",Au revoir,Tschüss
EMPTYCELL330,,"Bye, sir!",Au revoir,Tschüss
EMPTYCELL331,,"Bye, sir!",Au revoir,Tschüss
EMPTYCELL332,,"Bye, sir!",Au revoir,Tschüss
EMPTYCELL333,,"Bye, sir!",Au revoir,Tschüss
EMPTYCELL334,,"Bye, sir!",Au revoir,Tschüss
EMPTYCELL335,,"Bye, sir!",Au revoir,Tschüss
EMPTYCELL336,,"Bye, sir!",Au revoir,Tschüss
EMPTYCELL337,,"Bye, sir!",Au revoir,Tschüss
EMPTYCELL338,,"Bye, sir!",Au revoir,Tschüss
EMPTYCELL339,,"Bye, sir!",Au revoir,Tschüss
EMPTYCELL340,,"Bye, sir!",Au revoir,Tschüss
EMPTYCELL341,,"Bye, sir!",Au revoir,Tschüss
EMPTYCELL342,,"Bye, sir!",Au revoir,Tschüss
EMPTYCELL343,,"Bye, sir!",Au revoir,Tschüss
EMPTYCELL344,,"Bye, sir!",Au revoir,Tschüss
EMPTYCELL345,,"Bye, sir!",Au revoir,Tschüss
EMPTYCELL346,,"Bye, sir!",Au revoir,Tschüss
EMPTYCELL347,,"Bye, sir!",Au revoir,Tschüss
EMPTYCELL348,,"Bye, sir!",Au revoir,Tschüss
EMPTYCELL349,,"Bye, sir!",Au revoir,Tschüss
EMPTYCELL350,,"Bye, sir!",Au revoir,Tschüss
EMPTYCELL351,,"Bye, sir!",Au revoir,Tschüss
EMPTYCELL352,,"Bye, sir!",Au revoir,Tschüss
EMPTYCELL353,,"Bye, sir!",Au revoir,Tschüss
EMPTYCELL354,,"Bye, sir!",Au revoir,Tschüss
EMPTYCELL355,,"Bye, sir!",Au revoir,Tschüss
EMPTYCELL356,,"Bye, sir!",Au revoir,Tschüss
EMPTYCELL357,,"Bye, sir!",Au revoir,Tschüss
EMPTYCELL358,,"Bye, sir!",Au revoir,Tschüss
EMPTYCELL359,,"Bye, sir!",Au revoir,Tschüss
EMPTYCELL360,,"Bye, sir!",Au revoir,Tschüss
EMPTYCELL361,,"Bye, sir!",Au revoir,Tschüss
EMPTYCELL362,,"Bye, sir!",Au revoir,Tschüss
EMPTYCELL363,,"Bye, sir!",Au revoir,Tschüss
EMPTYCELL364,,"Bye, sir!",Au revoir,Tschüss
EMPTYCELL365,,"Bye, sir!",Au revoir,Tschüss
EMPTYCELL366,,"Bye, sir!",Au revoir,Tschüss
EMPTYCELL367,,"Bye, sir!",Au revoir,Tschüss
EMPTYCELL368,,"Bye, sir!",Au revoir,Tschüss
EMPTYCELL369,,"Bye, sir!",Au revoir,Tschüss
EMPTYCELL370,,"Bye, sir!",Au revoir,Tschüss
EMPTYCELL371,,"Bye, sir!",Au revoir,Tschüss
EMPTYCELL372,,"Bye, sir!",Au revoir,Tschüss
EMPTYCELL373,,"Bye, sir!",Au revoir,Tschüss
EMPTYCELL374,,"Bye, sir!",Au revoir,Tschüss
EMPTYCELL375,,"Bye, sir!",Au revoir,Tschüss
EMPTYCELL376,,"Bye, sir!",Au revoir,Tschüss
EMPTYCELL377,,"Bye, sir!",Au revoir,Tschüss
EMPTYCELL378,,"Bye, sir!",Au revoir,Tschüss
EMPTYCELL379,,"Bye, sir!",Au revoir,Tschüss
EMPTYCELL380,,"Bye, sir!",Au revoir,Tschüss
EMPTYCELL381,,"Bye, sir!",Au revoir,Tschüss
EMPTYCELL382,,"Bye, sir!",Au revoir,Tschüss
EMPTYCELL383,,"Bye, sir!",Au revoir,Tschüss
EMPTYCELL384,,"Bye, sir!",Au revoir,Tschüss
EMPTYCELL385,,"Bye, sir!",Au revoir,Tschüss
EMPTYCELL386,,"Bye, sir!",Au revoir,Tschüss
EMPTYCELL387,,"Bye, sir!",Au revoir,Tschüss
EMPTYCELL388,,"Bye, sir!",Au revoir,Tschüss
EMPTYCELL389,,"Bye, sir!",Au revoir,Tschüss
EMPTYCELL390,,"Bye, sir!",Au revoir,Tschüss
EMPTYCELL391,,"Bye, sir!",Au revoir,Tschüss
EMPTYCELL392,,"Bye, sir!",Au revoir,Tschüss
EMPTYCELL393,,"Bye, sir!",Au revoir,Tschüss
EMPTYCELL394,,"Bye, sir!",Au revoir,Tschüss
EMPTYCELL395,,"Bye, sir!",Au revoir,Tschüss
EMPTYCELL396,,"Bye, sir!",Au revoir,Tschüss
EMPTYCELL397,,"Bye, sir!",Au revoir,Tschüss
EMPTYCELL398,,"Bye, sir!",Au revoir,Tschüss
EMPTYCELL399,,"Bye, sir!",Au revoir,Tschüss
EMPTYCELL400,,"Bye, sir!",Au revoir,Tschüss
EMPTYCELL401,,"Bye, sir!",Au revoir,Tschüss
EMPTYCELL402,,"Bye, sir!",Au revoir,Tschüss
EMPTYCELL403,,"Bye, sir!",Au revoir,Tschüss
EMPTYCELL404,,"Bye, sir!",Au revoir,Tschüss
EMPTYCELL405,,"Bye, sir!",Au revoir,Tschüss
EMPTYCELL406,,"Bye, sir!",Au revoir,Tschüss
EMPTYCELL407,,"Bye, sir!",Au revoir,Tschüss
EMPTYCELL408,,"Bye, sir!",Au revoir,Tschüss
EMPTYCELL409,,"Bye, sir!",Au revoir,Tschüss
EMPTYCELL410,,"Bye, sir!",Au revoir,Tschüss
EMPTYCELL411,,"Bye, sir!",Au revoir,Tschüss
EMPTYCELL412,,"Bye, sir!",Au revoir,Tschüss
EMPTYCELL413,,"Bye, sir!",Au revoir,Tschüss
EMPTYCELL414,,"Bye, sir!",Au revoir,Tschüss
EMPTYCELL415,,"Bye, sir!",Au revoir,Tschüss
EMPTYCELL416,,"Bye, sir!",Au revoir,Tschüss
EMPTYCELL417,,"Bye, sir!",Au revoir,Tschüss
EMPTYCELL418,,"Bye, sir!",Au revoir,Tschüss
EMPTYCELL419,,"Bye, sir!",Au revoir,Tschüss
EMPTYCELL420,,"Bye, sir!",Au revoir,Tschüss
EMPTYCELL421,,"Bye, sir!",Au revoir,Tschüss
EMPTYCELL422,,"Bye, sir!",Au revoir,Tschüss
EMPTYCELL423,,"Bye, sir!",Au revoir,Tschüss
EMPTYCELL424,,"Bye, sir!",Au revoir,Tschüss
EMPTYCELL425,,"Bye, sir!",Au revoir,Tschüss
EMPTYCELL426,,"Bye, sir!",Au revoir,Tschüss
EMPTYCELL427,,"Bye, sir!",Au revoir,Tschüss
EMPTYCELL428,,"Bye, sir!",Au revoir,Tschüss
EMPTYCELL429,,"Bye, sir!",Au revoir,Tschüss
EMPTYCELL430,,"Bye, sir!",Au revoir,Tschüss
EMPTYCELL431,,"Bye, sir!",Au revoir,Tschüss
EMPTYCELL432,,"Bye, sir!",Au revoir,Tschüss
EMPTYCELL433,,"Bye, sir!",Au revoir,Tschüss
EMPTYCELL434,,"Bye, sir!",Au revoir,Tschüss
EMPTYCELL435,,"Bye, sir!",Au revoir,Tschüss
EMPTYCELL436,,"Bye, sir!",Au revoir,Tschüss
EMPTYCELL437,,"Bye, sir!",Au revoir,Tschüss
EMPTYCELL438,,"Bye, sir!",Au revoir,Tschüss
EMPTYCELL439,,"Bye, sir!",Au revoir,Tschüss
EMPTYCELL440,,"Bye, sir!",Au revoir,Tschüss
EMPTYCELL441,,"Bye, sir!",Au revoir,Tschüss
EMPTYCELL442,,"Bye, sir!",Au revoir,Tschüss
EMPTYCELL443,,"Bye, sir!",Au revoir,Tschüss
EMPTYCELL444,,"Bye, sir!",Au revoir,Tschüss
EMPTYCELL445,,"Bye, sir!",Au revoir,Tschüss
EMPTYCELL446,,"Bye, sir!",Au revoir,Tschüss
EMPTYCELL447,,"Bye, sir!",Au revoir,Tschüss
EMPTYCELL448,,"Bye, sir!",Au revoir,Tschüss
EMPTYCELL449,,"Bye, sir!",Au revoir,Tschüss
EMPTYCELL450,,"Bye, sir!",Au revoir,Tschüss
EMPTYCELL451,,"Bye, sir!",Au revoir,Tschüss
EMPTYCELL452,,"Bye, sir!",Au revoir,Tschüss
EMPTYCELL453,,"Bye, sir!",Au revoir,Tschüss
EMPTYCELL454,,"Bye, sir!",Au revoir,Tschüss
EMPTYCELL455,,"Bye, sir!",Au revoir,Tschüss
EMPTYCELL456,,"Bye, sir!",Au revoir,Tschüss
EMPTYCELL457,,"Bye, sir!",Au revoir,Tschüss
EMPTYCELL458,,"Bye, sir!",Au revoir,Tschüss
EMPTYCELL459,,"Bye, sir!",Au revoir,Tschüss
EMPTYCELL460,,"Bye, sir!",Au revoir,Tschüss
EMPTYCELL461,,"Bye, sir!",Au revoir,Tschüss
EMPTYCELL462,,"Bye, sir!",Au revoir,Tschüss
EMPTYCELL463,,"Bye, sir!",Au revoir,Tschüss
EMPTYCELL464,,"Bye, sir!",Au revoir,Tschüss
EMPTYCELL465,,"Bye, sir!",Au revoir,Tschüss
EMPTYCELL466,,"Bye, sir!",Au revoir,Tschüss
EMPTYCELL467,,"Bye, sir!",Au revoir,Tschüss
EMPTYCELL468,,"Bye, sir!",Au revoir,Tschüss
EMPTYCELL469,,"Bye, sir!",Au revoir,Tschüss
EMPTYCELL470,,"Bye, sir!",Au revoir,Tschüss
EMPTYCELL471,,"Bye, sir!",Au revoir,Tschüss
EMPTYCELL472,,"Bye, sir!",Au revoir,Tschüss
EMPTYCELL473,,"Bye, sir!",Au revoir,Tschüss
EMPTYCELL474,,"Bye, sir!",Au revoir,Tschüss
EMPTYCELL475,,"Bye, sir!",Au revoir,Tschüss
EMPTYCELL476,,"Bye, sir!",Au revoir,Tschüss
EMPTYCELL477,,"Bye, sir!",Au revoir,Tschüss
EMPTYCELL478,,"Bye, sir!",Au revoir,Tschüss
EMPTYCELL479,,"Bye, sir!",Au revoir,Tschüss
EMPTYCELL480,,"Bye, sir!",Au revoir,Tschüss
EMPTYCELL481,,"Bye, sir!",Au revoir,Tschüss
EMPTYCELL482,,"Bye, sir!",Au revoir,Tschüss
EMPTYCELL483,,"Bye, sir!",Au revoir,Tschüss
EMPTYCELL484,,"Bye, sir!",Au revoir,Tschüss
EMPTYCELL485,,"Bye, sir!",Au revoir,Tschüss
EMPTYCELL486,,"Bye, sir!",Au revoir,Tschüss
EMPTYCELL487,,"Bye, sir!",Au revoir,Tschüss
EMPTYCELL488,,"Bye, sir!",Au revoir,Tschüss
EMPTYCELL489,,"Bye, sir!",Au revoir,Tschüss
EMPTYCELL490,,"Bye, sir!",Au revoir,Tschüss
EMPTYCELL491,,"Bye, sir!",Au revoir,Tschüss
EMPTYCELL492,,"Bye, sir!",Au revoir,Tschüss
EMPTYCELL493,,"Bye, sir!",Au revoir,Tschüss
EMPTYCELL494,,"Bye, sir!",Au revoir,Tschüss
EMPTYCELL495,,"Bye, sir!",Au revoir,Tschüss
EMPTYCELL496,,"Bye, sir!",Au revoir,Tschüss
EMPTYCELL497,,"Bye, sir!",Au revoir,Tschüss
EMPTYCELL498,,"Bye, sir!",Au revoir,Tschüss
EMPTYCELL499,,"Bye, sir!",Au revoir,Tschüss
EMPTYCELL500,,"Bye, sir!",Au revoir,Tschüss
EMPTYCELL501,,"Bye, sir!",Au revoir,Tschüss
EMPTYCELL502,,"Bye, sir!",Au revoir,Tschüss
EMPTYCELL503,,"Bye, sir!",Au revoir,Tschüss
EMPTYCELL504,,"Bye, sir!",Au revoir,Tschüss
EMPTYCELL505,,"Bye, sir!",Au revoir,Tschüss
EMPTYCELL506,,"Bye, sir!",Au revoir,Tschüss
EMPTYCELL507,,"Bye, sir!",Au revoir,Tschüss
EMPTYCELL508,,"Bye, sir!",Au revoir,Tschüss
EMPTYCELL509,,"Bye, sir!",Au revoir,Tschüss
EMPTYCELL510,,"Bye, sir!",Au revoir,Tschüss
EMPTYCELL511,,"Bye, sir!",Au revoir,Tschüss
EMPTYCELL512,,"Bye, sir!",Au revoir,Tschüss
EMPTYCELL513,,"Bye, sir!",Au revoir,Tschüss
EMPTYCELL514,,"Bye, sir!",Au revoir,Tschüss
EMPTYCELL515,,"Bye, sir!",Au revoir,Tschüss
EMPTYCELL516,,"Bye, sir!",Au revoir,Tschüss
EMPTYCELL517,,"Bye, sir!",Au revoir,Tschüss
EMPTYCELL518,,"Bye, sir!",Au revoir,Tschüss
EMPTYCELL519,,"Bye, sir!",Au revoir,Tschüss
EMPTYCELL520,,"Bye, sir!",Au revoir,Tschüss
EMPTYCELL521,,"Bye, sir!",Au revoir,Tschüss
EMPTYCELL522,,"Bye, sir!",Au revoir,Tschüss
EMPTYCELL523,,"Bye, sir!",Au revoir,Tschüss
EMPTYCELL524,,"Bye, sir!",Au revoir,Tschüss
EMPTYCELL525,,"Bye, sir!",Au revoir,Tschüss
EMPTYCELL526,,"Bye, sir!",Au revoir,Tschüss
EMPTYCELL527,,"Bye, sir!",Au revoir,Tschüss
EMPTYCELL528,,"Bye, sir!",Au revoir,Tschüss
EMPTYCELL529,,"Bye, sir!",Au revoir,Tschüss
EMPTYCELL530,,"Bye, sir!",Au revoir,Tschüss
EMPTYCELL531,,"Bye, sir!",Au revoir,Tschüss
EMPTYCELL532,,"Bye, sir!",Au revoir,Tschüss
EMPTYCELL533,,"Bye, sir!",Au revoir,Tschüss
EMPTYCELL534,,"Bye, sir!",Au revoir,Tschüss
EMPTYCELL535,,"Bye, sir!",Au revoir,Tschüss
EMPTYCELL536,,"Bye, sir!",Au revoir,Tschüss
EMPTYCELL537,,"Bye, sir!",Au revoir,Tschüss
EMPTYCELL538,,"Bye, sir!",Au revoir,Tschüss
EMPTYCELL539,,"Bye, sir!",Au revoir,Tschüss
EMPTYCELL540,,"Bye, sir!",Au revoir,Tschüss
EMPTYCELL541,,"Bye, sir!",Au revoir,Tschüss
EMPTYCELL542,,"Bye, sir!",Au revoir,Tschüss
EMPTYCELL543,,"Bye, sir!",Au revoir,Tschüss
EMPTYCELL544,,"Bye, sir!",Au revoir,Tschüss
EMPTYCELL545,,"Bye, sir!",Au revoir,Tschüss
EMPTYCELL546,,"Bye, sir!",Au revoir,Tschüss
EMPTYCELL547,,"Bye, sir!",Au revoir,Tschüss
EMPTYCELL548,,"Bye, sir!",Au revoir,Tschüss
EMPTYCELL549,,"Bye, sir!",Au revoir,Tschüss
EMPTYCELL550,,"Bye, sir!",Au revoir,Tschüss
EMPTYCELL551,,"Bye, sir!",Au revoir,Tschüss
EMPTYCELL552,,"Bye, sir!",Au revoir,Tschüss
EMPTYCELL553,,"Bye, sir!",Au revoir,Tschüss
EMPTYCELL554,,"Bye, sir!",Au revoir,Tschüss
EMPTYCELL555,,"Bye, sir!",Au revoir,Tschüss
EMPTYCELL556,,"Bye, sir!",Au revoir,Tschüss
EMPTYCELL557,,"Bye, sir!",Au revoir,Tschüss
EMPTYCELL558,,"Bye, sir!",Au revoir,Tschüss
EMPTYCELL559,,"Bye, sir!",Au revoir,Tschüss
EMPTYCELL560,,"Bye, sir!",Au revoir,Tschüss
EMPTYCELL561,,"Bye, sir!",Au revoir,Tschüss
EMPTYCELL562,,"Bye, sir!",Au revoir,Tschüss
EMPTYCELL563,,"Bye, sir!",Au revoir,Tschüss
EMPTYCELL564,,"Bye, sir!",Au revoir,Tschüss
EMPTYCELL565,,"Bye, sir!",Au revoir,Tschüss
EMPTYCELL566,,"Bye, sir!",Au revoir,Tschüss
EMPTYCELL567,,"Bye, sir!",Au revoir,Tschüss
EMPTYCELL568,,"Bye, sir!",Au revoir,Tschüss
EMPTYCELL569,,"Bye, sir!",Au revoir,Tschüss
EMPTYCELL570,,"Bye, sir!",Au revoir,Tschüss
EMPTYCELL571,,"Bye, sir!",Au revoir,Tschüss
EMPTYCELL572,,"Bye, sir!",Au revoir,Tschüss
EMPTYCELL573,,"Bye, sir!",Au revoir,Tschüss
EMPTYCELL574,,"Bye, sir!",Au revoir,Tschüss
EMPTYCELL575,,"Bye, sir!",Au revoir,Tschüss
EMPTYCELL576,,"Bye, sir!",Au revoir,Tschüss
EMPTYCELL577,,"Bye, sir!",Au revoir,Tschüss
EMPTYCELL578,,"Bye, sir!",Au revoir,Tschüss
EMPTYCELL579,,"Bye, sir!",Au revoir,Tschüss
EMPTYCELL580,,"Bye, sir!",Au revoir,Tschüss
EMPTYCELL581,,"Bye, sir!",Au revoir,Tschüss
EMPTYCELL582,,"Bye, sir!",Au revoir,Tschüss
EMPTYCELL583,,"Bye, sir!",Au revoir,Tschüss
EMPTYCELL584,,"Bye, sir!",Au revoir,Tschüss
EMPTYCELL585,,"Bye, sir!",Au revoir,Tschüss
EMPTYCELL586,,"Bye, sir!",Au revoir,Tschüss
EMPTYCELL587,,"Bye, sir!",Au revoir,Tschüss
EMPTYCELL588,,"Bye, sir!",Au revoir,Tschüss
EMPTYCELL589,,"Bye, sir!",Au revoir,Tschüss
EMPTYCELL590,,"Bye, sir!",Au revoir,Tschüss
EMPTYCELL591,,"Bye, sir!",Au revoir,Tschüss
EMPTYCELL592,,"Bye, sir!",Au revoir,Tschüss
EMPTYCELL593,,"Bye, sir!",Au revoir,Tschüss
EMPTYCELL594,,"Bye, sir!",Au revoir,Tschüss
EMPTYCELL595,,"Bye, sir!",Au revoir,Tschüss
EMPTYCELL596,,"Bye, sir!",Au revoir,Tschüss
EMPTYCELL597,,"Bye, sir!",Au revoir,Tschüss
EMPTYCELL598,,"Bye, sir!",Au revoir,Tschüss
EMPTYCELL599,,"Bye, sir!",Au revoir,Tschüss
EMPTYCELL600,,"Bye, sir!",Au revoir,Tschüss
EMPTYCELL601,,"Bye, sir!",Au revoir,Tschüss
EMPTYCELL602,,"Bye, sir!",Au revoir,Tschüss
EMPTYCELL603,,"Bye, sir!",Au revoir,Tschüss
EMPTYCELL604,,"Bye, sir!",Au revoir,Tschüss
EMPTYCELL605,,"Bye, sir!",Au revoir,Tschüss
EMPTYCELL606,,"Bye, sir!",Au revoir,Tschüss
EMPTYCELL607,,"Bye, sir!",Au revoir,Tschüss
EMPTYCELL608,,"Bye, sir!",Au revoir,Tschüss
EMPTYCELL609,,"Bye, sir!",Au revoir,Tschüss
EMPTYCELL610,,"Bye, sir!",Au revoir,Tschüss
EMPTYCELL611,,"Bye, sir!",Au revoir,Tschüss
EMPTYCELL612,,"Bye, sir!",Au revoir,Tschüss
EMPTYCELL613,,"Bye, sir!",Au revoir,Tschüss
EMPTYCELL614,,"Bye, sir!",Au revoir,Tschüss
EMPTYCELL615,,"Bye, sir!",Au revoir,Tschüss
EMPTYCELL616,,"Bye, sir!",Au revoir,Tschüss
EMPTYCELL617,,"Bye, sir!",Au revoir,Tschüss
EMPTYCELL618,,"Bye, sir!",Au revoir,Tschüss
EMPTYCELL619,,"Bye, sir!",Au revoir,Tschüss
EMPTYCELL620,,"Bye, sir!",Au revoir,Tschüss
EMPTYCELL621,,"Bye, sir!",Au revoir,Tschüss
EMPTYCELL622,,"Bye, sir!",Au revoir,Tschüss
EMPTYCELL623,,"Bye, sir!",Au revoir,Tschüss
EMPTYCELL624,,"Bye, sir!",Au revoir,Tschüss
EMPTYCELL625,,"Bye, sir!",Au revoir,Tschüss
EMPTYCELL626,,"Bye, sir!",Au revoir,Tschüss
EMPTYCELL627,,"Bye, sir!",Au revoir,Tschüss
EMPTYCELL628,,"Bye, sir!",Au revoir,Tschüss
EMPTYCELL629,,"Bye, sir!",Au revoir,Tschüss
EMPTYCELL630,,"Bye, sir!",Au revoir,Tschüss
EMPTYCELL631,,"Bye, sir!",Au revoir,Tschüss
